id,name,age,gender,email,doj,contact,address,username,password,wecome,reset
2195,ajith,20,Male,ajithpeterparker@gmail.com,01-03-2020,34567,amman nagar,ajith,ak,,
2197,bharathi,20,Male,bharathi@,01-02-2020,12345,amman nagar,bh,bh,,
2198,John Doe,28,Male,john.doe@email.com,15-01-2022,+1 (123) 456-7890,123 Main St; City1,johndoe,password1,,
2199,Jane Smith,35,Female,jane.smith@email.com,20-03-2021,+1 (234) 567-8901,456 Elm St; City2,janesmith,password2,,
2200,Michael Johnson,42,Male,michael.johnson@email.com,10-09-2020,+1 (345) 678-9012,789 Oak Ave; City3,michaelj,password3,,
2201,Sarah Williams,30,Female,sarah.williams@email.com,05-05-2023,+1 (456) 789-0123,101 Pine Rd; City4,sarahw,password4,,
2202,David Brown,25,Male,david.brown@email.com,08-11-2022,+1 (567) 890-1234,222 Cedar Ln; City5,daviddb,password5,,
2203,Emily Davis,29,Female,emily.davis@email.com,25-02-2022,+1 (678) 901-2345,333 Oak St; City6,emilyd,password6,,
2204,Christopher Lee,38,Male,christopher.lee@email.com,12-07-2021,+1 (789) 012-3456,444 Elm Ave; City7,christopherl,password7,,
2205,Jessica Taylor,27,Female,jessica.taylor@email.com,03-12-2020,+1 (890) 123-4567,555 Pine Ln; City8,jessicat,password8,,
2206,Olivia Miller,33,Female,olivia.miller@email.com,18-04-2023,+1 (901) 234-5678,666 Cedar Rd; City9,oliviam,password9,,
2207,William Clark,31,Male,william.clark@email.com,30-06-2022,+1 (012) 345-6789,777 Oak Ave; City10,williamc,password10,,
2208,John Smith,33,Male,john.smith@email.com,10-12-2021,+1 (123) 456-7890,789 Elm St; City11,johnsmith,password11,,
2209,Emily Johnson,28,Female,emily.johnson@email.com,20-05-2022,+1 (234) 567-8901,456 Oak Ave; City12,emilyj,password12,,
2210,Daniel Wilson,37,Male,daniel.wilson@email.com,05-08-2020,+1 (345) 678-9012,101 Maple Rd; City13,danielw,password13,,
2211,Sophia Davis,24,Female,sophia.davis@email.com,15-02-2023,+1 (456) 789-0123,222 Pine St; City14,sophiad,password14,,
2212,Liam Brown,29,Male,liam.brown@email.com,28-11-2022,+1 (567) 890-1234,333 Cedar Ln; City15,liamb,password15,,
2213,Olivia White,30,Female,olivia.white@email.com,01-07-2021,+1 (678) 901-2345,444 Oak Ave; City16,oliviaw,password16,,
2214,Ethan Taylor,35,Male,ethan.taylor@email.com,12-06-2020,+1 (789) 012-3456,555 Elm Ave; City17,ethant,password17,,
2215,Ava Johnson,26,Female,ava.johnson@email.com,30-04-2022,+1 (890) 123-4567,666 Pine Rd; City18,avaj,password18,,
2216,Lucas Miller,32,Male,lucas.miller@email.com,05-03-2023,+1 (901) 234-5678,777 Oak St; City19,lucasm,password19,,
2217,Isabella Clark,27,Female,isabella.clark@email.com,22-10-2021,+1 (012) 345-6789,888 Cedar Ave; City20,isabellac,password20,,
2218,Jacob Johnson,31,Male,jacob.johnson@email.com,18-09-2022,+1 (123) 456-7890,123 Elm St; City21,jacobj,password21,,
2219,Sofia Lee,29,Female,sofia.lee@email.com,30-11-2021,+1 (234) 567-8901,456 Maple Ave; City22,sofial,password22,,
2220,Matthew Wilson,36,Male,matthew.wilson@email.com,25-07-2020,+1 (345) 678-9012,789 Cedar Rd; City23,mattheww,password23,,
2221,Ava Martinez,25,Female,ava.martinez@email.com,07-01-2023,+1 (456) 789-0123,101 Oak St; City24,avam,password24,,
2222,Elijah Taylor,28,Male,elijah.taylor@email.com,02-04-2022,+1 (567) 890-1234,222 Pine Ave; City25,elijaht,password25,,
2223,Mia Davis,23,Female,mia.davis@email.com,15-09-2021,+1 (678) 901-2345,333 Elm Rd; City26,miad,password26,,
2224,Benjamin Hall,37,Male,benjamin.hall@email.com,12-03-2020,+1 (789) 012-3456,444 Cedar Ln; City27,benjaminh,password27,,
2225,Charlotte Brown,26,Female,charlotte.brown@email.com,08-08-2022,+1 (890) 123-4567,555 Oak St; City28,charlotteb,password28,,
2226,William Turner,30,Male,william.turner@email.com,28-02-2023,+1 (901) 234-5678,666 Pine Ave; City29,williamt,password29,,
2227,Harper Lewis,34,Female,harper.lewis@email.com,10-06-2021,+1 (012) 345-6789,777 Elm Ave; City30,harperl,password30,,
